title,text,score,date,clean_text
100$ per‚Äå day stra‚Äåtegy I use‚Äå,"Hi, friends! Today I want to share a strategy from my buddy that made him $5,000 in less than a month and is now bringing me $100 per day since last week. At fir‚Äåst, it seemed ‚Äåtoo good to be true - until my friend showed me proof and explained how everyth‚Äåing works.

To be honest, I wouldn‚Äôt share this kind of information for free. However, my friend openly talks about it on his page ( u/tedcarlylelee), where you can find all the details. If you m‚Äåanage to b‚Äåenefit from this, you can always thank him with a small tip",16,1749743159.0,hi friends today i want to share a strategy from my buddy that made him 5000 in less than a month and is now bringing me 100 per day since last week at first it seemed too good to be true until my friend showed me proof and explained how everything works to be honest i wouldnt share this kind of information for free however my friend openly talks about it on his page utedcarlylelee where you can find all the details if you manage to benefit from this you can always thank him with a small tip
Fear and greed index,"Whats your opinions on the fear and greed index as a metric to predict price movement??

I have a poll going here: 
https://bughosted.com/Social/799

But please discuss, im curious to know if anyone actually uses it, and how?",1,1749742823.0,whats your opinions on the fear and greed index as a metric to predict price movement i have a poll going here but please discuss im curious to know if anyone actually uses it and how
"""Cause your dollar ain't shit and it's taxed to no end, cause of rich men north of Richmond""","Oliver Anthony poetically describing the problems of a fiat currency world through the medium of country music.  Only bitcoin fixes this.  

https://preview.redd.it/9d53ly7uji6f1.png?width=1026&format=png&auto=webp&s=92ab63ca34e620f3b63e76f9256a0ed20df595cb",2,1749741698.0,oliver anthony poetically describing the problems of a fiat currency world through the medium of country music only bitcoin fixes this
This sub upvoted a fake story / ad,"A somewhat obvious fake story about someone's Dad regretting selling Bitcoin which this sub ate up. 

OP edited it into an ad for tax services after it was upvoted to the top. ",11,1749740780.0,a somewhat obvious fake story about someones dad regretting selling bitcoin which this sub ate up op edited it into an ad for tax services after it was upvoted to the top
"""I Had $50,000 Saved and Was Still Broke - Here's Why Traditional Saving Advice is Wrong""","""Confession: I thought I was financially responsible with $50K in savings. Turns out I was just hoarding money out of fear.

The wake-up call came when I realized my 'emergency fund' had become a 'dream killer fund.' While my money sat earning 0.5% interest, inflation was eating it alive and I was missing every investment opportunity.

Here's what I learned about the difference between saving and wealth building:

**Broke mindset:** Save money ‚Üí feel secure ‚Üí repeat **Wealth mindset:** Save money ‚Üí give it a job ‚Üí watch it multiply

Same $50K, completely different outcomes. One person stays broke despite saving, another builds wealth with the exact same amount.

The question that changed everything: 'What is this money's PURPOSE?'

Emergency fund? Yes, but only 3-6 months expenses. Everything else needs to be WORKING - index funds, real estate, skills development, business investment.

Anyone else had this realization Your money is waiting for instructions.""",46,1749739048.0,confession i thought i was financially responsible with 50k in savings turns out i was just hoarding money out of fear the wakeup call came when i realized my emergency fund had become a dream killer fund while my money sat earning 05 interest inflation was eating it alive and i was missing every investment opportunity heres what i learned about the difference between saving and wealth building broke mindset save money feel secure repeat wealth mindset save money give it a job watch it multiply same 50k completely different outcomes one person stays broke despite saving another builds wealth with the exact same amount the question that changed everything what is this moneys purpose emergency fund yes but only 36 months expenses everything else needs to be working index funds real estate skills development business investment anyone else had this realization your money is waiting for instructions
Satoshi would be unable to recognise what bitcoin has become,"Instead of decentralised exchanges reigning supreme, most of the buying and selling occurs on centralised, extremely aggressive in their fees and merely profit driven therefore very expensive, government-collaborating (removing anonymity) and abusive af exchanges (e.g. hundreds of reports only on this sub about accounts being arbitrarily frozen and without resolution for months if not years etc). 

Are few multi billion dollar companies ruining the very concept of bitcoin just like few nasty corporations ruined Internet itself?

Then billionaires and institutions being the main buyers. No one using Bitconi to buy pizza or anything for that matter. Satoshi would have been appalled. 





",0,1749735545.0,instead of decentralised exchanges reigning supreme most of the buying and selling occurs on centralised extremely aggressive in their fees and merely profit driven therefore very expensive governmentcollaborating removing anonymity and abusive af exchanges eg hundreds of reports only on this sub about accounts being arbitrarily frozen and without resolution for months if not years etc are few multi billion dollar companies ruining the very concept of bitcoin just like few nasty corporations ruined internet itself then billionaires and institutions being the main buyers no one using bitconi to buy pizza or anything for that matter satoshi would have been appalled
"when the quantum pc is more researched, how can we protect the old coins that are not moving due to lost key","i honestly just want to know if there's more to read about it. i know that accessible coins can be moved into a new safer address but the lost ones are meant to be ""stolen"" or reintegrated ?",0,1749734017.0,i honestly just want to know if theres more to read about it i know that accessible coins can be moved into a new safer address but the lost ones are meant to be stolen or reintegrated
Anyone else feel like 'the past repeats' is the biggest trap in crypto?,"Bitcoin hits $110k and suddenly everyone's calling it as a confirmed bull market.

But remember how justa few weeks ago we all were paniking over the double top patterns saying that was the end of it all.

I've noticed how fast our sentiments flips, it wld actually. It honestly made me think the maybe 'the pst repeats' is just'a coping mechanism afterall. like whenever we see a shape, we instantly match it to some sunken up memory, trauma mostly, and start to trade,buy and stock like we are again in a time loop, or is it just me?
Can ll of you keep your emotions in check during these pattern-driven hype/panic cycles? or are you just too emotionally mature ?


Because for me, this constant flip-flop in narrative has me second-guessing everything I hold.
",41,1749725399.0,bitcoin hits 110k and suddenly everyones calling it as a confirmed bull market but remember how justa few weeks ago we all were paniking over the double top patterns saying that was the end of it all ive noticed how fast our sentiments flips it wld actually it honestly made me think the maybe the pst repeats is justa coping mechanism afterall like whenever we see a shape we instantly match it to some sunken up memory trauma mostly and start to tradebuy and stock like we are again in a time loop or is it just me can ll of you keep your emotions in check during these patterndriven hypepanic cycles or are you just too emotionally mature because for me this constant flipflop in narrative has me secondguessing everything i hold
Secure element chip,"Is it true that the secure element chip most trusted hardware wallets like tezor, coldcard etc.. use made by samsung or some big company and its code is not open source due to their NDAs.
So how can we trust if the government or some company has no access to our btc?
I know its offline but lets say how can we verify its wallet creation is really random or government have some way guess the wallets made by it?",0,1749721758.0,is it true that the secure element chip most trusted hardware wallets like tezor coldcard etc use made by samsung or some big company and its code is not open source due to their ndas so how can we trust if the government or some company has no access to our btc i know its offline but lets say how can we verify its wallet creation is really random or government have some way guess the wallets made by it
Gold Miners are Catching up With Bitcoin Mining,Wont be the last!!!,106,1749716407.0,wont be the last
"‚ö° Lightning Thursday! June 12, 2025: Explore the Lightning Network!‚ö°","The lightning network is a second-layer solution on top of the Bitcoin blockchain that enables quick, cheap and scalable Bitcoin payments.

Here is the place to discuss and learn more about lightning!

Ask your questions about lightning

Provide reviews, feedback, comparisons of LN apps, services, websites etc

Learn about new LN features, development, apps

Link to good quality resources (articles, wikis etc)

Resources:

* Here is an awesome list of resources compiled by Jameson Lopp: https://www.lopp.net/lightning-information.html

* Want to test out your lightning fire power? tip the Bitcoin devs! https://bitcoindevlist.com/

* Previous threads: [Search](https://www.reddit.com/r/Bitcoin/search?q=Lightning+Thursday&restrict_sr=on&include_over_18=on&sort=new&t=all)

* Lnbook getting closer towards being finished and can already be seen at: https://github.com/lnbook/lnbook

* Lightning Dedicated YouTube Channel: https://youtube.com/renepickhardt

* Also there is the playlist by chaincode labs: https://youtube.com/playlist?list=PLpLH33TRghT17_U3as2P3vHfAGL8pSOOY

* Lightning stores: https://www.lightningnetworkstores.com/

* Learn more and talk about lightning right here in r/Bitcoin, r/bitcoinbeginners, r/thelightningnetwork, and [the r/Bitcoin chat](https://discord.gg/qE3rWBRNqh)",17,1749712343.0,the lightning network is a secondlayer solution on top of the bitcoin blockchain that enables quick cheap and scalable bitcoin payments here is the place to discuss and learn more about lightning ask your questions about lightning provide reviews feedback comparisons of ln apps services websites etc learn about new ln features development apps link to good quality resources articles wikis etc resources here is an awesome list of resources compiled by jameson lopp want to test out your lightning fire power tip the bitcoin devs previous threads search lnbook getting closer towards being finished and can already be seen at lightning dedicated youtube channel also there is the playlist by chaincode labs lightning stores learn more and talk about lightning right here in rbitcoin rbitcoinbeginners rthelightningnetwork and the rbitcoin chat
"Daily Discussion, June 12, 2025","Please utilize this sticky thread for all general **Bitcoin** discussions! If you see posts on the front page or /r/Bitcoin/new which are better suited for this daily discussion thread, please help out by directing the OP to this thread instead. Thank you!

If you don't get an answer to your question, you can try phrasing it differently or commenting again tomorrow.

Please check the [previous discussion thread](https://www.reddit.com/r/Bitcoin/comments/1l8l60i/daily_discussion_june_11_2025/) for unanswered questions.",32,1749708387.0,please utilize this sticky thread for all general bitcoin discussions if you see posts on the front page or rbitcoinnew which are better suited for this daily discussion thread please help out by directing the op to this thread instead thank you if you dont get an answer to your question you can try phrasing it differently or commenting again tomorrow please check the previous discussion thread for unanswered questions
taking forever to get to 1 btc,"Hi, im a 18 y/o from south east asia. I‚Äôve been stacking up sats for 2 months, and I only got a total of 0.008 btc at the moment. My monthly dca comes from part time jobs which only pays me around ~$200 a month. Should I put it all into btc or spend some on 2nd diploma to increase my income? Thanks!",62,1749708024.0,hi im a 18 yo from south east asia ive been stacking up sats for 2 months and i only got a total of 0008 btc at the moment my monthly dca comes from part time jobs which only pays me around 200 a month should i put it all into btc or spend some on 2nd diploma to increase my income thanks
Open to any suggestion to tweak my current investment portfolio.,"Hey guys, so I‚Äôve got 1.5 BTC, 190 shares of MSTR invested in my Roth IRA, 66k in a 401k that doesn‚Äôt let me cherry pick my stocks; if it did, that would‚Äôve also been in MSTR and 31k in an HSA account which also doesn‚Äôt let me cherry pick the stocks I want in the fund. Open to suggestions on advice on the 401k and HSA, I have them still because I get a 6% match for the 401k and ofc the HSA is triple taxed advantage. Both 401k and HSA are 100% growth stocks. So they are super aggressive in terms of risk appetite. ",0,1749704763.0,hey guys so ive got 15 btc 190 shares of mstr invested in my roth ira 66k in a 401k that doesnt let me cherry pick my stocks if it did that wouldve also been in mstr and 31k in an hsa account which also doesnt let me cherry pick the stocks i want in the fund open to suggestions on advice on the 401k and hsa i have them still because i get a 6 match for the 401k and ofc the hsa is triple taxed advantage both 401k and hsa are 100 growth stocks so they are super aggressive in terms of risk appetite
Gold is infinite.,https://www.reddit.com/r/interestingasfuck/s/39YSyLAv6e,16,1749704664.0,
Home Equity Agreement (HEA),Anyone ever used one to purchase Bitcoin?,5,1749703447.0,anyone ever used one to purchase bitcoin
Why isn't my BTC stolen yet???,"A few years ago I went to https://keys.lol and after a few dice clicks looking for BTC, I picked random address and sent it 25USD of BTC, screenshoted the private key and backed it up on a cloud storage service.

It's still there, and doing great!  I can't believe the writers of keys.lol haven't swept it yet- they must have log off all the address displayed through it to scan for idiots that do what I did?  Or at least I would have thought the cloud service AI would have detected the address in the image.

I'll get it ride and see how long it lasts.
",30,1749703234.0,a few years ago i went to and after a few dice clicks looking for btc i picked random address and sent it 25usd of btc screenshoted the private key and backed it up on a cloud storage service its still there and doing great i cant believe the writers of keyslol havent swept it yet they must have log off all the address displayed through it to scan for idiots that do what i did or at least i would have thought the cloud service ai would have detected the address in the image ill get it ride and see how long it lasts
How much till one Bitcoin?,"Hello y‚Äôall I‚Äôm new into the Bitcoin race 
How much money do I have to put into until I hit 1 Bitcoin? 
",0,1749700812.0,hello yall im new into the bitcoin race how much money do i have to put into until i hit 1 bitcoin
Best crypto platform ?,Not gonna use Coinbase anymore ,15,1749699878.0,not gonna use coinbase anymore
Will it ever go back down to 20k? Is it possible?,What would need to occur for this to happen?,0,1749699321.0,what would need to occur for this to happen
BitMinter‚Ä¶ I had one and forgot about it.  Huh,"Hey‚Ä¶ so, I was that weird guy who modded his PS3 to mine for coins back in high school (pre-2012).  I let the thing run until I shelved it and moved for dental school (2020).  I‚Äôm packing up my things from residency and recalled I had some email about a BitMinter shutting down about 4 years ago, and a sticky note from my old place with a key & wallet info.

Chances of recovering the old wallet/BitMinter account assets? ‚ÄòBout to turn on my modded PS3 and see what I can do. Thoughts?

Cash, if any will go to my brother and a new fraud/coin/asset attorney - he had about sub-1M (USD) in coins stolen from a wallet scam (early 2024). Kid‚Äôs health is going to shit. He hired an attorney (13k) and made reports to the SS & FBI, was told he might get something recovered in 12-36 months.  He seems to have traced the wallet and assets better than the SS & FBI atm.

Fun what a German beer back home can remind you of.
Thanks guys",7,1749697252.0,hey so i was that weird guy who modded his ps3 to mine for coins back in high school pre2012 i let the thing run until i shelved it and moved for dental school 2020 im packing up my things from residency and recalled i had some email about a bitminter shutting down about 4 years ago and a sticky note from my old place with a key wallet info chances of recovering the old walletbitminter account assets bout to turn on my modded ps3 and see what i can do thoughts cash if any will go to my brother and a new fraudcoinasset attorney he had about sub1m usd in coins stolen from a wallet scam early 2024 kids health is going to shit he hired an attorney 13k and made reports to the ss fbi was told he might get something recovered in 1236 months he seems to have traced the wallet and assets better than the ss fbi atm fun what a german beer back home can remind you of thanks guys
Bitcoin treasury companies - list?,"Is there an always up-to-date list or similar available of companies (big and small) that are putting BTC on their balance sheet and/or become BTC treasury companies?  

Thanks! ",6,1749694556.0,is there an always uptodate list or similar available of companies big and small that are putting btc on their balance sheet andor become btc treasury companies thanks
Btc Dud/Fud,"In what circumstances btc can become a fud or dud in 10-20-30 years? 

Only scenario I can think of making btc useless is  quantum computer technology ",0,1749693558.0,in what circumstances btc can become a fud or dud in 102030 years only scenario i can think of making btc useless is quantum computer technology
Want to buy a large amount,I‚Äôve been using coin based and Gemini to buy bitcoin. But these purchases usually take 7 to 8 business days and sometimes I can‚Äôt even buy more than $1000 worth. What exchange and what websites that are safe that will allow me to buy larger amounts and possibly more frequently. ? ,2,1749693407.0,ive been using coin based and gemini to buy bitcoin but these purchases usually take 7 to 8 business days and sometimes i cant even buy more than 1000 worth what exchange and what websites that are safe that will allow me to buy larger amounts and possibly more frequently
4th Halving Bitcoin inflation rate .83%,Backed by perfect math and world financial market to preserve savings and purchasing power with reliable predictable ultra low inflation rate. AI calculated .0063 inflation rate as shown in graph after 11th halving is bonkers! ,75,1749688745.0,backed by perfect math and world financial market to preserve savings and purchasing power with reliable predictable ultra low inflation rate ai calculated 0063 inflation rate as shown in graph after 11th halving is bonkers
Bitcoin in relation to conservative investments,"Hi guys,

I am really curious how much of your savings go into bitcoin in relation to more ‚Äûconservative‚Äú forms of investing, like stocks, index funds (‚Ä¶)

Also why exactly that number? I am looking forward to start saving in 2 months, once I paid off all my debt - 70% ETFs 30% Bitcoin, what do you think?

Enjoy your day! Thank you!",9,1749686565.0,hi guys i am really curious how much of your savings go into bitcoin in relation to more conservative forms of investing like stocks index funds also why exactly that number i am looking forward to start saving in 2 months once i paid off all my debt 70 etfs 30 bitcoin what do you think enjoy your day thank you
What could bitcoin cap out at?,"What do we think is the maximum potential for bitcoin?

Is it wort buying into it now? I'm investing around 100-200 per month into stocks for long term annual growth, however is it worth throwing 50 per month into bitcoin or is it a pointless endeavour for long term gain, is it only worth it if you have a huge chunk to put down",17,1749684088.0,what do we think is the maximum potential for bitcoin is it wort buying into it now im investing around 100200 per month into stocks for long term annual growth however is it worth throwing 50 per month into bitcoin or is it a pointless endeavour for long term gain is it only worth it if you have a huge chunk to put down
Bitcoin buyers mostly men! Why?,Why are mostly men investing in BTC?,177,1749682368.0,why are mostly men investing in btc
Please leave Binance for your own safety. It finally happened to me,"After over 4 years using the platform without issue, I transferred some funds from another exchange to Binance in USDC on the 1st of the month and they wrongfully got put on hold because my transfer supposedly triggered security concerns despite it being my 10000s transfer, from the same address, to the same Binance address.

Binance then asked me to complete a deposit application retrieval if I ever want to see my money back. Which I did.

Instead of just releasing the funds, 4 days after completing the application, I got told that they will supposedly initiate a transfer of the original amount, to an address of my choice. And that it can take up to +30 days. 30 days !? Is that a joke ? Or a stalling tactic to make the customer just give up on his funds ?

No clear answer on why it might take so long, no clear answer on why my transfer got put on hold despite it not being my first transfer. 

Customer support is a joke, they have 0 training, 0 access to any information, 0 power to do anything except send their pre written robotic messages and their emojis.

It‚Äôs been 10 days now and I have no hope of seeing my funds because all I‚Äôve met so far are stalling tactics from Binance, to keep my funds. Application is stuck on ‚Äúprocessing‚Äù.

I use to think it could only happen to others, now it happened to be. Don‚Äôt be next

Edit1: I should have added screenshots proof when I first posted! I can‚Äôt find a way to add them now via the edit option!",295,1749681206.0,after over 4 years using the platform without issue i transferred some funds from another exchange to binance in usdc on the 1st of the month and they wrongfully got put on hold because my transfer supposedly triggered security concerns despite it being my 10000s transfer from the same address to the same binance address binance then asked me to complete a deposit application retrieval if i ever want to see my money back which i did instead of just releasing the funds 4 days after completing the application i got told that they will supposedly initiate a transfer of the original amount to an address of my choice and that it can take up to 30 days 30 days is that a joke or a stalling tactic to make the customer just give up on his funds no clear answer on why it might take so long no clear answer on why my transfer got put on hold despite it not being my first transfer customer support is a joke they have 0 training 0 access to any information 0 power to do anything except send their pre written robotic messages and their emojis its been 10 days now and i have no hope of seeing my funds because all ive met so far are stalling tactics from binance to keep my funds application is stuck on processing i use to think it could only happen to others now it happened to be dont be next edit1 i should have added screenshots proof when i first posted i cant find a way to add them now via the edit option
"I was like ""maybe I should take some gains"" but then I remembered I only have $1",Yeah should've thought about that,28,1749679142.0,yeah shouldve thought about that
What is your preferred set up?,"1. Straight up BTC, stored on a hard wallet in cold storage

2. Wrapped in a safe, spot BTC ETF, like Fidelity's FBTC or Blackrock's IBIT

3. Creatively Bought by Michael Saylor in MSTR

4. all of the above",4,1749674049.0,1 straight up btc stored on a hard wallet in cold storage 2 wrapped in a safe spot btc etf like fidelitys fbtc or blackrocks ibit 3 creatively bought by michael saylor in mstr 4 all of the above
"Daily Bitcoin meme until BTC is at $200,000 #21","You don't have to trust anyone anymore! Bitcoin is based on science, not faith! üß°üëë",436,1749672999.0,you dont have to trust anyone anymore bitcoin is based on science not faith
There‚Äôs simply not enough bitcoin...,*It might make sense just to get some in case this $100T+ wall of capital decides they‚Äôd like to protect their purchasing power from inevitable fiat debasement. \[source: Tephra Digital\]*,96,1749672079.0,it might make sense just to get some in case this 100t wall of capital decides theyd like to protect their purchasing power from inevitable fiat debasement source tephra digital
My dad sold his Bitcoin in 2017 and still can‚Äôt forgive himself,"my dad sold a few bitcoin back in 2017

he had been holding them for a couple years before that .... bought early, mostly out of curiosity, just one of those quiet early believers, got in through forums, watched some Andreas Antonopoulos vids, followed a few blogs, nobody around him really ‚Äúgot it‚Äù back then  
but he stuck with it

then the 2017 bull run happened  
btc hit \~$15k and he cashed out

made a few ten thousand dollars..enough to feel like he won  
and back then, he¬†did. for a guy who didn‚Äôt come from money, it was big  
he was proud, used to tell people he ‚Äúknew about bitcoin before everyone else‚Äù  
told me how important it was to take profits when the market gives you a gift

fast forward a few years  
and man...

the regret hits him¬†hard¬†now

not every day but in those quiet moments ,,, when he‚Äôs alone at the dining table or looking at a retirement ad on TV...he‚Äôll just say it out loud  
‚Äúif i held those coins‚Ä¶ i could‚Äôve retired by now‚Äù  
and then it‚Äôs silence

and i don‚Äôt blame him. we‚Äôre not talking one or two btc  
he had¬†*enough,* enough that if he‚Äôd just done nothing and held on  
he‚Äôd be living on a beach or farmland or wherever he wanted

but that‚Äôs the thing about this space  
crypto‚Äôs biggest heartbreaks aren‚Äôt scams or rug pulls  
they‚Äôre the ‚Äúwhat ifs‚Äù  
the moments you¬†*played it safe*¬†and still feel like you lost

and the worst part?  
he didn‚Äôt do anything wrong  
he made a smart move  
he secured real money  
it paid off bills, took care of things  
but in this space‚Ä¶  
holding wins  
and taking profit sometimes just leaves you with the itch

in the last few months it‚Äôs gotten worse  
especially with all the price talk again  
he keeps seeing the new ATHs  
the news  
the ETFs  
billionaires calling it digital gold  
and i can feel it ,,, that slow burn in him  
like he‚Äôs replaying every decision in his head again and again

i hate that for him  
he‚Äôs a good man  
and he¬†*did win*¬†... just not in the way people flex now

**Edit:**  
After I shared this, a lot of people told me their own version of this story.  
Some said they regret selling early.  
Some said they regret *never* selling.  
A few even said they regret paying taxes on profits they never really felt.

This space is wild like that.  
If you‚Äôve ever felt the same‚Ä¶ [*awaken.tax*](http://awaken.tax) might help you make peace with those ‚Äúwhat ifs.‚Äù  
It‚Äôs not just about money. It‚Äôs about understanding the game we‚Äôre all in",894,1749670920.0,my dad sold a few bitcoin back in 2017 he had been holding them for a couple years before that bought early mostly out of curiosity just one of those quiet early believers got in through forums watched some andreas antonopoulos vids followed a few blogs nobody around him really got it back then but he stuck with it then the 2017 bull run happened btc hit 15k and he cashed out made a few ten thousand dollarsenough to feel like he won and back then he did for a guy who didnt come from money it was big he was proud used to tell people he knew about bitcoin before everyone else told me how important it was to take profits when the market gives you a gift fast forward a few years and man the regret hits him hard now not every day but in those quiet moments when hes alone at the dining table or looking at a retirement ad on tvhell just say it out loud if i held those coins i couldve retired by now and then its silence and i dont blame him were not talking one or two btc he had enough enough that if hed just done nothing and held on hed be living on a beach or farmland or wherever he wanted but thats the thing about this space cryptos biggest heartbreaks arent scams or rug pulls theyre the what ifs the moments you played it safe and still feel like you lost and the worst part he didnt do anything wrong he made a smart move he secured real money it paid off bills took care of things but in this space holding wins and taking profit sometimes just leaves you with the itch in the last few months its gotten worse especially with all the price talk again he keeps seeing the new aths the news the etfs billionaires calling it digital gold and i can feel it that slow burn in him like hes replaying every decision in his head again and again i hate that for him hes a good man and he did win just not in the way people flex now edit after i shared this a lot of people told me their own version of this story some said they regret selling early some said they regret never selling a few even said they regret paying taxes on profits they never really felt this space is wild like that if youve ever felt the same awakentax might help you make peace with those what ifs its not just about money its about understanding the game were all in
Y‚Äôall think he‚Äôll be alright?,100K later and people still sound the same as the comments back then https://www.reddit.com/r/Bitcoin/s/5LsUUV2V1I,349,1749669359.0,100k later and people still sound the same as the comments back then
üß° üíä Orange Pill The World!,"Forget the price for a second and remember the mission.

This is what we're here to do. We are the antibodies to the fiat disease.

Every conversation, every article shared, every node run, every sat stacked, it's all part of the plan.

We work from the bottom up to change the world.

Stay humble, stack sats, and orange pill the world.",19,1749666401.0,forget the price for a second and remember the mission this is what were here to do we are the antibodies to the fiat disease every conversation every article shared every node run every sat stacked its all part of the plan we work from the bottom up to change the world stay humble stack sats and orange pill the world
Bitcoiners - please convince me of this...,"Hello All,

With BTC at $110k, why should I as a normal individual, buy $200 worth of BTC every month? Even if it goes to $1M, say I bought even $10k right now, that would only be worth $100k, which is not alot of money in todays world, let alone what the dollar value could be with inflation in 5 years from now.

Wanted to hear from the community and thanks for your input.",0,1749665152.0,hello all with btc at 110k why should i as a normal individual buy 200 worth of btc every month even if it goes to 1m say i bought even 10k right now that would only be worth 100k which is not alot of money in todays world let alone what the dollar value could be with inflation in 5 years from now wanted to hear from the community and thanks for your input
Why don‚Äôt governments just launch their own ‚ÄúBitcoin-like‚Äù coins instead of adopting BTC?,"I‚Äôve been mulling over this idea: Instead of adopting Bitcoin ‚Äî which is already heavily hoarded by corporates like MicroStrategy ‚Äî why wouldn‚Äôt governments just launch their own decentralized coins?

Imagine each country creating its own version of Bitcoin with a fixed supply of 21 million coins:

* **USCOIN** üá∫üá∏
* **CHCOIN** üá®üá≥
* **INCOIN** üáÆüá≥ ...and so on.

They could design their networks to mimic Bitcoin‚Äôs fundamentals (capped supply, proof of work or stake, public ledger, etc.), but with clean distribution from day one.

So what‚Äôs stopping them?

Would love to hear your thoughts. Is this idea totally naive or is there a case to be made for country-specific crypto alternatives to BTC?",0,1749663061.0,ive been mulling over this idea instead of adopting bitcoin which is already heavily hoarded by corporates like microstrategy why wouldnt governments just launch their own decentralized coins imagine each country creating its own version of bitcoin with a fixed supply of 21 million coins uscoin chcoin incoin and so on they could design their networks to mimic bitcoins fundamentals capped supply proof of work or stake public ledger etc but with clean distribution from day one so whats stopping them would love to hear your thoughts is this idea totally naive or is there a case to be made for countryspecific crypto alternatives to btc
Bitcoin ATMS,"Hi Everyone, I was wondering if anyone out there uses bitcoin ATMS and if so why? Are there legitimate uses for them despite the high fees and high prices? ",0,1749662737.0,hi everyone i was wondering if anyone out there uses bitcoin atms and if so why are there legitimate uses for them despite the high fees and high prices
Clearly defined function of BTC,"It's not an alternative to currency, and it's not a store of value. It's an inflation absorption mechanism :-)",0,1749661523.0,its not an alternative to currency and its not a store of value its an inflation absorption mechanism
Mining bitcoin with clean renewable stranded energy,"I am currently working on three projects on the US East Coast that will have significant amounts of clean renewable energy that is stranded behind the meter because the power purchase agreement with the utility does not justify the connection costs. I am trying to help my customers monetize this power rather than wasting the energy. Assuming 8000 hours/year of power generation, how much could my customers be looking at generating? Also assume energy has no cost since it is part of an existing viable project but required for tax credits. 

Project 1 - South FL - Phase 1 - 250-300 Kw, Phase 2 - 900kw total

Project 2 - State College, PA - 2.5 mW

Project 3 - Central SC - 200 kW",7,1749660865.0,i am currently working on three projects on the us east coast that will have significant amounts of clean renewable energy that is stranded behind the meter because the power purchase agreement with the utility does not justify the connection costs i am trying to help my customers monetize this power rather than wasting the energy assuming 8000 hoursyear of power generation how much could my customers be looking at generating also assume energy has no cost since it is part of an existing viable project but required for tax credits project 1 south fl phase 1 250300 kw phase 2 900kw total project 2 state college pa 25 mw project 3 central sc 200 kw
Trading with STC and EMA,"Hey y'all. I have started trading with the stc and EMA.

This is the strategy right now:

When the trend is above the EMA and den STC goes over 25 I do a long trade.

When the trend is under the EMA and the STC goes over 75 I do a short trend.

But most of the trades dont work out or I dont get enough profit out of a trade. Anyone here who can give me an advice? ",1,1749658785.0,hey yall i have started trading with the stc and ema this is the strategy right now when the trend is above the ema and den stc goes over 25 i do a long trade when the trend is under the ema and the stc goes over 75 i do a short trend but most of the trades dont work out or i dont get enough profit out of a trade anyone here who can give me an advice
For those who know someone with an entire coin....,in which year did they get it?,67,1749658674.0,in which year did they get it
BTC and UK CGT,"Firstly I should clarify I‚Äôm asking for a friend as I lost all my BTC years ago in a boating accident üòâ

Said friend bought some BTC years ago when it was in single digits now it is up around $110k so to keep things simple let‚Äôs call that $100k+ profit per coin

As my friend is a high rate tax payer in the UK I think they are liable to pay 24% CGT when they sell. 

Now the interesting bit, my friend thinks he knows when the market will crash and wants to sell high and buy back when it crashes, therefore, gaining extra BTC in the process. But I think to actually make money they would need the drop to be over 24% which is a big gamble 

If the BTC is sold for $110k that‚Äôs $100k profit $24k goes to the tax man leaving home his $86k (10k + 76K after CGT) to buy back in when it drops. Is that right?

If so how will he ever make money as it rarely drops that much in one go",0,1749656977.0,firstly i should clarify im asking for a friend as i lost all my btc years ago in a boating accident said friend bought some btc years ago when it was in single digits now it is up around 110k so to keep things simple lets call that 100k profit per coin as my friend is a high rate tax payer in the uk i think they are liable to pay 24 cgt when they sell now the interesting bit my friend thinks he knows when the market will crash and wants to sell high and buy back when it crashes therefore gaining extra btc in the process but i think to actually make money they would need the drop to be over 24 which is a big gamble if the btc is sold for 110k thats 100k profit 24k goes to the tax man leaving home his 86k 10k 76k after cgt to buy back in when it drops is that right if so how will he ever make money as it rarely drops that much in one go
‚Ç¨100 a mont in btc,"Hello everyone, I'm fifteen and relatively new to crypto, and I am really doubting if I should invest 600 now and keep investing 100-200 a month in Bitcoin. My only issue is that I'm wondering if Bitcoin will still be relevant in the future. What do you guys think. Good idea?
Thanks!

Edit: Would it be better to buy, for example, 100 per two weeks or 200 a month

Edit: the scamming is already startingüòÖ ""I can help if I have the login so I can trade for you"" in my dms",82,1749656928.0,hello everyone im fifteen and relatively new to crypto and i am really doubting if i should invest 600 now and keep investing 100200 a month in bitcoin my only issue is that im wondering if bitcoin will still be relevant in the future what do you guys think good idea thanks edit would it be better to buy for example 100 per two weeks or 200 a month edit the scamming is already starting i can help if i have the login so i can trade for you in my dms
Bitcoin‚Äôs next parabolic bull market could begin soon.,Read the full global macro report: https://www.unchained.com/go/macro-bitcoin-parabolic-move,271,1749655896.0,read the full global macro report
Gold is a bubble,"https://www.cnbc.com/2025/06/11/gold-overtakes-euro-as-second-biggest-global-reserve-asset.html

Gold is getting over its skis. Get downside protection, goldies. Come to bitcoin!",0,1749655793.0,gold is getting over its skis get downside protection goldies come to bitcoin
Why buy btc now and not wait for halving?,"If Bitcoin is expected to drop below $100,000 prior to the 2027 halving, then why not leave my cash in a money market and wait for the drop?  It seems counter productive to buy bitcoin now knowing that it's going to drop below current levels before taking off like a rocket again.  There seems to be agreement across the board that bitcoin is going to drop significantly, so why not wait for the black swan?",0,1749655613.0,if bitcoin is expected to drop below 100000 prior to the 2027 halving then why not leave my cash in a money market and wait for the drop it seems counter productive to buy bitcoin now knowing that its going to drop below current levels before taking off like a rocket again there seems to be agreement across the board that bitcoin is going to drop significantly so why not wait for the black swan
"Stack Sats, Fuel The Future","Hey everyone,

Just wanted to share this image that I feel captures the spirit of what we're doing here. It‚Äôs not about get-rich-quick schemes; it's about the long-term vision. 

Every DCA, every sat stacked, is a small act of defiance against a broken system. It‚Äôs the fuel for a better, more decentralized future.

This is the vibe that keeps me going, even in crab markets. This is how we win. Keep stacking. üöÄ",54,1749654389.0,hey everyone just wanted to share this image that i feel captures the spirit of what were doing here its not about getrichquick schemes its about the longterm vision every dca every sat stacked is a small act of defiance against a broken system its the fuel for a better more decentralized future this is the vibe that keeps me going even in crab markets this is how we win keep stacking
Question about Jade Plus Hardware wallet.,"Im rather confused how the security model of the jade plus works. As i understand it your seedphrase is unlocked with your seed combined with what is stored on blockstreams oracle. Like somekind of lite multisig.

Thats a deal breaker for me, i would never trust an oracle being up and operational 20 years in the future. 

Is it possible to just create a NORMAL 12 word seed phrase with a passhrase that relies on nothing else? I don't want any third party involved. I want to know 100% i can always spend and recreate the wallet whatever happens to blockstream.",0,1749654159.0,im rather confused how the security model of the jade plus works as i understand it your seedphrase is unlocked with your seed combined with what is stored on blockstreams oracle like somekind of lite multisig thats a deal breaker for me i would never trust an oracle being up and operational 20 years in the future is it possible to just create a normal 12 word seed phrase with a passhrase that relies on nothing else i dont want any third party involved i want to know 100 i can always spend and recreate the wallet whatever happens to blockstream
Opinions: is 50 dollars a day DCA enough to escape the matrix in 10 years?,Obviously this all depends on the target price 10 years from now. But what are yalls buying strategies? ,162,1749653844.0,obviously this all depends on the target price 10 years from now but what are yalls buying strategies
Coinbase scammers out today,Don‚Äôt call the damn numbers and update your MFA,79,1749652872.0,dont call the damn numbers and update your mfa
Where can I crypto without kyc and 3ds,"I tried to find some tor p2p markets, but got no result.
Any suggestions?

Nothing criminal, just for personal usage.",4,1749650608.0,i tried to find some tor p2p markets but got no result any suggestions nothing criminal just for personal usage
was it smart to buy bitcoin in the last 24 hours?,"I had some cash I earned and I saw that I could withdraw to a bitcoin wallet so I ended up just doing that, with all the speculation of bitcoin going higher and higher, allegedly hitting around 125k by the end of the 3rd quarter in 2025. Was this a good Idea or should I have just done it when It dropped a little more?",38,1749649042.0,i had some cash i earned and i saw that i could withdraw to a bitcoin wallet so i ended up just doing that with all the speculation of bitcoin going higher and higher allegedly hitting around 125k by the end of the 3rd quarter in 2025 was this a good idea or should i have just done it when it dropped a little more
Buy?,"I am new in crypto but i have some crypto invest in ‚ÄùCrypto com‚Äù but there is lot of fees, and market price is lower then other platforms. So where i should buy bitcoin and it would be 100% real price and not like 5% off. 
Sorry for bad English

Dear. R.h
",6,1749647435.0,i am new in crypto but i have some crypto invest in crypto com but there is lot of fees and market price is lower then other platforms so where i should buy bitcoin and it would be 100 real price and not like 5 off sorry for bad english dear rh
Mathematically correct way of tracking your average buy?,"Hi everyone  
  
Forgive me if this is a really simple thing and I'm over-complicating things, but I wanted to get your thoughts on how everyone tracks their average buy?

Let‚Äôs imagine the following scenario for simplicity:

Bitcoin price - $110,000

Budget - $110,000

0,4% Trading Fees on Spot Trade = $440

Total Funds actually buying BTC - $109,560

Total BTC Purchased : 0.9960000

Is your average buy $110,000 (as this is the spot price), or is it actually $110,441.77?

I would always use the 2^(nd) price as this is the total spent divided by how much BTC you receive, but I‚Äôm just sound checking this is right?

",1,1749646605.0,hi everyone forgive me if this is a really simple thing and im overcomplicating things but i wanted to get your thoughts on how everyone tracks their average buy lets imagine the following scenario for simplicity bitcoin price 110000 budget 110000 04 trading fees on spot trade 440 total funds actually buying btc 109560 total btc purchased 09960000 is your average buy 110000 as this is the spot price or is it actually 11044177 i would always use the 2nd price as this is the total spent divided by how much btc you receive but im just sound checking this is right
Btc cold wallet,"If I buy 1 btc on a kyc exchange and my account is hacked then the hackers forward my 1 btc to their cold storage...then from that cold storage to another cold storage and so forth, how many cold storage forwards to different wallets would it take to become untrackable and my 1 btc to not be recoverable by authority?",2,1749646585.0,if i buy 1 btc on a kyc exchange and my account is hacked then the hackers forward my 1 btc to their cold storagethen from that cold storage to another cold storage and so forth how many cold storage forwards to different wallets would it take to become untrackable and my 1 btc to not be recoverable by authority
NOMAD Dream with Bitcoin.,"When I accumulate enough Bitcoin, I plan to travel the world, carrying only my phone and seed phrase. I‚Äôll embrace a decentralized lifestyle, appreciate different cultures, and live a life of freedom. Until then, I‚Äôll continue to stack my Bitcoin with a purpose. What are your thoughts on this?",22,1749639957.0,when i accumulate enough bitcoin i plan to travel the world carrying only my phone and seed phrase ill embrace a decentralized lifestyle appreciate different cultures and live a life of freedom until then ill continue to stack my bitcoin with a purpose what are your thoughts on this
Data breach at Bitfinex?,"Hi all,

I received a phishingmail to a ""unique"" mailadress only used by Bitfinex.

Was there a known data breach?  
I asked support and they tried to ""calm me down"" - while not answering my question...

I will change my data and security tokens - but it still would be good to either have a official information - or perhaps other users.

Mail was received in the beginning of Mai. Just found it now while ""checking spam"".

Hell. I still need to write more to get over 500 characters... thats really a lot.",0,1749638690.0,hi all i received a phishingmail to a unique mailadress only used by bitfinex was there a known data breach i asked support and they tried to calm me down while not answering my question i will change my data and security tokens but it still would be good to either have a official information or perhaps other users mail was received in the beginning of mai just found it now while checking spam hell i still need to write more to get over 500 characters thats really a lot
Getting Started,"Starting some research into Bitcoin/crypto in general (I want to understand it more before I start mindlessly buying it) - do you guys have any good resources to start learning from?

I work in IT so relatively technical from that side of things, just feel like if I start buying it before truly understanding how it works and how to not lose all my money on it I'll fall flat.",11,1749638502.0,starting some research into bitcoincrypto in general i want to understand it more before i start mindlessly buying it do you guys have any good resources to start learning from i work in it so relatively technical from that side of things just feel like if i start buying it before truly understanding how it works and how to not lose all my money on it ill fall flat
CAGR and safe withdrawal rate,"I'm interested in peoples thoughts around bitcoin's future CAGR from this point, and what people think a safe annual withdrawal rate is in relation to this. 

for context - the 10 year Cagr is at 84% - on one hand it seems a stretch using this for the next 10 years, on the other we are entering unchartered territory, and I believe the average Joe doesn't realise just how deep wall streets pockets actually are. 

  
i also think the ETF's will bring more stability, and the fund managers will use derivatives to manage the price, anwe will just grind higher for longer. Get ready for boredom! 

  
FYI - i'm siding with a conservative CAGR of 20% over the next 10 years, and if withdrawals are neccessary, will look to withdraw a max of half the CAGR at 10% per annum. thanks all. ",12,1749631962.0,im interested in peoples thoughts around bitcoins future cagr from this point and what people think a safe annual withdrawal rate is in relation to this for context the 10 year cagr is at 84 on one hand it seems a stretch using this for the next 10 years on the other we are entering unchartered territory and i believe the average joe doesnt realise just how deep wall streets pockets actually are i also think the etfs will bring more stability and the fund managers will use derivatives to manage the price anwe will just grind higher for longer get ready for boredom fyi im siding with a conservative cagr of 20 over the next 10 years and if withdrawals are neccessary will look to withdraw a max of half the cagr at 10 per annum thanks all
$0.11M is the new $0.1M.,"This feels like 2016. We just getting started, slow and steady cruising...",14,1749629856.0,this feels like 2016 we just getting started slow and steady cruising
I‚Äôm in the selling random stuff phase - stack those sats!,"This year my knowledge and understanding around Bitcoin has accelerated massively with the help of ChatGPT. I‚Äôve just been trying to learn everything I can about Bitcoin and have gone through a little journey.

Been DCAing since the 2017 high and moved to cold storage in 2022. But lately I‚Äôve definitely taken the orange pill and unplugged from the matrix. 

I‚Äôm done with the trying to help people see the light phase. It‚Äôs a shame but a realisation I think a lot go through. Now I just want to stack sats as much as I can as quickly as I can!

Been listing stuff for sale online, figured anything little extra I can buy now makes for big gains one day.",6,1749629323.0,this year my knowledge and understanding around bitcoin has accelerated massively with the help of chatgpt ive just been trying to learn everything i can about bitcoin and have gone through a little journey been dcaing since the 2017 high and moved to cold storage in 2022 but lately ive definitely taken the orange pill and unplugged from the matrix im done with the trying to help people see the light phase its a shame but a realisation i think a lot go through now i just want to stack sats as much as i can as quickly as i can been listing stuff for sale online figured anything little extra i can buy now makes for big gains one day
Another paper wallet scam,"Hi fellow bitcoiners. I have gifted 0.01 and 0.02 btc to friends on a [bitcoinpaperwallet.com](http://bitcoinpaperwallet.com) in 2019, i reminded it to one of the friends and she got all excited about it. She of course wants to cash out. We're supposed to meet on Friday and I'm supposed to help her. 

Now upon checking the wallets the 0.01 is still there but the 0.02 is gone - and thats the friend that I'm meeting. I spent the whole day yesterday reading how the website was a scam, its such a shame. 

Anyway, i now have to inform her that BTC has been stolen and i find it hard to make the phone call. The messengers of bad news get killed unfortunately :)) Also, being kinda-sorta BTC expert in friend circles, I feel its my responsibility too that she lost that bitcoin.

  
She did mention that at some point she tried to claim it but failed. Can it be that somehow she actually leaked the private key herself? Since the other friends 0.01 BTC is still there! ( Swept it yesterday)

I wasn't sure how is it possible that all the inputs are from different wallets, and it seems that bitcoin wallets have functionality of uploading many private keys all at once and doing one transaction from many different wallets. Is this a pattern of people that got scammed with paper wallets, or is there a chance she leaked her key?

[https://mempool.space/address/1CkFDgQmDNH6Tjuzxb39GA2yLKVkMkZy9c](https://mempool.space/address/1CkFDgQmDNH6Tjuzxb39GA2yLKVkMkZy9c)

Thank you ",2,1749628266.0,hi fellow bitcoiners i have gifted 001 and 002 btc to friends on a bitcoinpaperwalletcom in 2019 i reminded it to one of the friends and she got all excited about it she of course wants to cash out were supposed to meet on friday and im supposed to help her now upon checking the wallets the 001 is still there but the 002 is gone and thats the friend that im meeting i spent the whole day yesterday reading how the website was a scam its such a shame anyway i now have to inform her that btc has been stolen and i find it hard to make the phone call the messengers of bad news get killed unfortunately also being kindasorta btc expert in friend circles i feel its my responsibility too that she lost that bitcoin she did mention that at some point she tried to claim it but failed can it be that somehow she actually leaked the private key herself since the other friends 001 btc is still there swept it yesterday i wasnt sure how is it possible that all the inputs are from different wallets and it seems that bitcoin wallets have functionality of uploading many private keys all at once and doing one transaction from many different wallets is this a pattern of people that got scammed with paper wallets or is there a chance she leaked her key thank you
Private key,"Hi I got given two bitcoin in 2012 
I didn‚Äôt know what they were. 
I have two keys that I think are private keys on an old computer. 
I‚Äôve gone through everything from that time and can‚Äôt find anything else. They are attached as a file that‚Äôs only 58 bytes 

I have downloaded the bitcoin.com app 
I tried to import to that wallet with the key. 

I don‚Äôt have password 

Advise appreciated ",3,1749624971.0,hi i got given two bitcoin in 2012 i didnt know what they were i have two keys that i think are private keys on an old computer ive gone through everything from that time and cant find anything else they are attached as a file thats only 58 bytes i have downloaded the bitcoincom app i tried to import to that wallet with the key i dont have password advise appreciated
Should I long term invest in bitcoin?,"I‚Äôm 13 years old (please don‚Äôt ban me Reddit mods) and I‚Äôm day trading 3 hours a day and grinding a day trading course right now. I‚Äôve convinced my parents to start long term investing and I was just wondering if bitcoin is suitable for long term investment. 

Thanks",0,1749624582.0,im 13 years old please dont ban me reddit mods and im day trading 3 hours a day and grinding a day trading course right now ive convinced my parents to start long term investing and i was just wondering if bitcoin is suitable for long term investment thanks
110k is a new 100k!,"Making progress everyone. 
Stay patient. 
Stay humble.
Keep stacking.",169,1749622791.0,making progress everyone stay patient stay humble keep stacking
I blew 3 BTC over 6 months,"So I had a client who paid me for consulting services in BTC and I could have left it completely untouched. Here‚Äôs some pictorial proof attached

But I had some events come up and felt I just needed some extra cash and I blew through the BTC. Weeks later BTC went from $50K ish to $90K and now at $110K. The 3BTC would be $330K+

Feels like the things I got as at the $64K price point suddenly became more expensive compared to how much I paid for it and it sucks.

Idk when next I‚Äôll be paid in such a valuable currency but then it‚Äôs one of those lessons. I feel like the dude who paid 10K BTC for pizza at this moment.

Funny how I literally saw it go from $5K to $110K over the last couple years but I managed to stupidly throw away 3 whole BTC that fell in my lap on a platter of gold. I just felt like I needed to vent because everyday that passes by makes me feel sick to my stomach that I threw such a golden opportunity away for something that‚Äôs not as valuable but we live and learn

Don‚Äôt be like me folks ",566,1749622303.0,so i had a client who paid me for consulting services in btc and i could have left it completely untouched heres some pictorial proof attached but i had some events come up and felt i just needed some extra cash and i blew through the btc weeks later btc went from 50k ish to 90k and now at 110k the 3btc would be 330k feels like the things i got as at the 64k price point suddenly became more expensive compared to how much i paid for it and it sucks idk when next ill be paid in such a valuable currency but then its one of those lessons i feel like the dude who paid 10k btc for pizza at this moment funny how i literally saw it go from 5k to 110k over the last couple years but i managed to stupidly throw away 3 whole btc that fell in my lap on a platter of gold i just felt like i needed to vent because everyday that passes by makes me feel sick to my stomach that i threw such a golden opportunity away for something thats not as valuable but we live and learn dont be like me folks
"Daily Discussion, June 11, 2025","Please utilize this sticky thread for all general **Bitcoin** discussions! If you see posts on the front page or /r/Bitcoin/new which are better suited for this daily discussion thread, please help out by directing the OP to this thread instead. Thank you!

If you don't get an answer to your question, you can try phrasing it differently or commenting again tomorrow.

Please check the [previous discussion thread](https://www.reddit.com/r/Bitcoin/comments/1l7rfuy/daily_discussion_june_10_2025/) for unanswered questions.",46,1749621683.0,please utilize this sticky thread for all general bitcoin discussions if you see posts on the front page or rbitcoinnew which are better suited for this daily discussion thread please help out by directing the op to this thread instead thank you if you dont get an answer to your question you can try phrasing it differently or commenting again tomorrow please check the previous discussion thread for unanswered questions
Where to track portfolio progress?,"Where can i track my portfolio performance live. I use coinmarketcap but now after some kind of update and re loging, price is stuck at same P/L value. üòî",3,1749618141.0,where can i track my portfolio performance live i use coinmarketcap but now after some kind of update and re loging price is stuck at same pl value
"Would you rather be right, or be rich? Bitcoin is the ultimate ego test","Some anti-Bitcoin people will never admit they were wrong about Bitcoin.


They would rather sit it out forever and miss out because their egos won't allow them to admit they were wrong.


But the markets are measurable. They are the only real-world test of any theory.


The market has clearly spoken and created a massive demand for Bitcoin. Wealth is flowing to Bitcoin. The thesis has been validated for 15 years. They are ignoring the most clear market signal in the history of mankind.






They would rather be right (in their own minds) than rich.",179,1749606918.0,some antibitcoin people will never admit they were wrong about bitcoin they would rather sit it out forever and miss out because their egos wont allow them to admit they were wrong but the markets are measurable they are the only realworld test of any theory the market has clearly spoken and created a massive demand for bitcoin wealth is flowing to bitcoin the thesis has been validated for 15 years they are ignoring the most clear market signal in the history of mankind they would rather be right in their own minds than rich
~1000 BTC Puzzles,"Hi all,

Does anyone know about the ""\~1000 BTC puzzles""?",2,1749605238.0,hi all does anyone know about the 1000 btc puzzles
Thinking about how to protect from a wrench attack without purchasing a multi-sig plan. I‚Äôm thinking of the ways below. I‚Äôd like you to look at them and give feedback if you think they would be pretty adequate:,"Why not delete all wallet apps on your phone, and just redownload them again when you want to send or receive bitcoin? Your registerd wallet accounts with those apps will still be there with those companies; you won‚Äôt have to restore your wallet or go thru the process of registering again.  Maybe just keep one hot wallet on the phone with a little in it as a decoy. OR, get two mobile devices with your phone carrier. Keep the phone with all your wallets and big stash in a safety deposit box at a bank. And have a hot wallet with little crypto in it on the phone you carry around for daily use. ",0,1749604859.0,why not delete all wallet apps on your phone and just redownload them again when you want to send or receive bitcoin your registerd wallet accounts with those apps will still be there with those companies you wont have to restore your wallet or go thru the process of registering again maybe just keep one hot wallet on the phone with a little in it as a decoy or get two mobile devices with your phone carrier keep the phone with all your wallets and big stash in a safety deposit box at a bank and have a hot wallet with little crypto in it on the phone you carry around for daily use
